{"cameraMode":{"drawMode":0,"name":"Shaded","section":"Shading Mode"},"sceneLighting":true,"audioPlay":false,"sceneViewState":{"showFog":true,"showMaterialUpdate":true,"showSkybox":true,"showFlares":true,"showImageEffects":true,"showParticleSystems":true},"in2DMode":false,"pivot":{"x":-7.2643609046936039,"y":-3.814814805984497,"z":-3.108870267868042},"rotation":{"x":-0.11737475544214249,"y":0.8133594989776611,"z":-0.17617745697498322,"w":-0.5418826341629028},"size":5.9272871017456059,"orthographic":false}