{"cameraMode":{"drawMode":0,"name":"Shaded","section":"Shading Mode"},"sceneLighting":true,"audioPlay":false,"sceneViewState":{"showFog":true,"showMaterialUpdate":true,"showSkybox":true,"showFlares":true,"showImageEffects":true,"showParticleSystems":true},"in2DMode":false,"pivot":{"x":-11.686969757080079,"y":-9.756291389465332,"z":-7.267565727233887},"rotation":{"x":-0.1464288830757141,"y":0.8326563239097595,"z":-0.261965811252594,"w":-0.465424507856369},"size":9.780647277832032,"orthographic":false}