{"cameraMode":{"drawMode":0,"name":"Shaded","section":"Shading Mode"},"sceneLighting":true,"audioPlay":false,"sceneViewState":{"showFog":true,"showMaterialUpdate":true,"showSkybox":true,"showFlares":true,"showImageEffects":true,"showParticleSystems":true},"in2DMode":false,"pivot":{"x":-12.404139518737793,"y":-7.091891288757324,"z":-9.040477752685547},"rotation":{"x":-0.10452215373516083,"y":0.8651558756828308,"z":-0.20239689946174622,"w":-0.44678574800491335},"size":12.178638458251954,"orthographic":false}