{"cameraMode":{"drawMode":0,"name":"Shaded","section":"Shading Mode"},"sceneLighting":true,"audioPlay":false,"sceneViewState":{"showFog":true,"showMaterialUpdate":true,"showSkybox":true,"showFlares":true,"showImageEffects":true,"showParticleSystems":true},"in2DMode":false,"pivot":{"x":-7.679780006408691,"y":-3.1687982082366945,"z":-3.8657960891723635},"rotation":{"x":-0.09256680309772492,"y":0.8353986740112305,"z":-0.14840303361415864,"w":-0.5210784077644348},"size":6.470831394195557,"orthographic":false}