{"cameraMode":{"drawMode":0,"name":"Shaded","section":"Shading Mode"},"sceneLighting":true,"audioPlay":false,"sceneViewState":{"showFog":true,"showMaterialUpdate":true,"showSkybox":true,"showFlares":true,"showImageEffects":true,"showParticleSystems":true},"in2DMode":false,"pivot":{"x":-11.98558235168457,"y":-9.385828018188477,"z":-7.263490676879883},"rotation":{"x":-0.14267194271087647,"y":0.8332510590553284,"z":-0.2525689899921417,"w":-0.4706905484199524},"size":10.029142379760743,"orthographic":false}